Series,Label,Strength of Gun Laws (out of 100 points),"Gun Deaths per 100,000 Residents"
State,AL,16,23.7
State,AK,9,24.4
State,AZ,8,16.9
State,AR,4.5,20.6
State,CA,91,7.0
State,CO,69.5,15.3
State,CT,83,5.8
State,DE,71,11.8
State,FL,25.5,12.7
State,GA,5.5,17.6
State,HI,81.5,3.7
State,ID,3.5,15.9
State,IL,87,12.4
State,IN,18.5,17.2
State,IA,14,11.8
State,KS,9.5,15.2
State,KY,9.5,18.5
State,LA,12.5,22.9
State,ME,33,11.9
State,MD,78.5,11.6
State,MA,86.5,3.8
State,MI,37,11.9
State,MN,55,9.8
State,MS,4,28
State,MO,8,19.6
State,MT,5,20.2
State,NE,23,10.9
State,NV,37.5,17.2
State,NH,7.5,10.2
State,NJ,80.5,4
State,NM,43.5,26.6
State,NY,85,4.4
State,NC,24.5,16.3
State,ND,11.5,12.2
State,OH,14.5,14.6
State,OK,7.5,19.1
State,OR,67,14.2
State,PA,40,11.9
State,RI,65,4.6
State,SC,14,19.5
State,SD,4,17.3
State,TN,15,19.8
State,TX,14,13.9
State,UT,11.5,13.3
State,VT,43,10.6
State,VA,49.5,12.8
State,WA,76,11
State,WV,18.5,15.3
State,WI,28.5,12.1
State,WY,5,23.4
